Designator,Val,Package,Mid X,Mid Y,Rotation,Layer
C1,100nF,C_0402_1005Metric,27.500000,-32.500000,0.000000,bottom
C2,100nF,C_0402_1005Metric,27.600000,-57.900000,0.000000,bottom
C3,100nF,C_0402_1005Metric,27.600000,-74.900000,0.000000,bottom
C4,100nF,C_0402_1005Metric,27.600000,-100.000000,0.000000,bottom
C6,10uF,C_0805_2012Metric,172.200000,-90.700000,0.000000,bottom
C7,10nF,C_0402_1005Metric,171.300000,-86.500000,90.000000,bottom
C8,100nF,C_0402_1005Metric,57.500000,-33.100000,0.000000,bottom
C9,100nF,C_0402_1005Metric,57.600000,-57.800000,0.000000,bottom
C10,100nF,C_0402_1005Metric,57.600000,-75.100000,0.000000,bottom
C11,100nF,C_0402_1005Metric,57.500000,-100.000000,0.000000,bottom
C12,100nF,C_0402_1005Metric,137.500000,-43.600000,90.000000,bottom
C13,100nF,C_0402_1005Metric,139.000000,-86.180000,90.000000,bottom
C14,100nF,C_0402_1005Metric,87.500000,-32.900000,0.000000,bottom
C15,100nF,C_0402_1005Metric,87.600000,-58.000000,0.000000,bottom
C16,100nF,C_0402_1005Metric,87.600000,-75.000000,0.000000,bottom
C17,100nF,C_0402_1005Metric,87.500000,-99.800000,0.000000,bottom
C18,100nF,C_0402_1005Metric,117.600000,-33.000000,0.000000,bottom
C19,100nF,C_0402_1005Metric,117.500000,-57.800000,0.000000,bottom
C20,100nF,C_0402_1005Metric,117.600000,-75.000000,0.000000,bottom
C21,100nF,C_0402_1005Metric,117.500000,-99.900000,0.000000,bottom
C22,100nF,C_0402_1005Metric,162.700000,-36.720000,270.000000,bottom
C23,100nF,C_0402_1005Metric,151.500000,-72.900000,0.000000,bottom
C24,22nF,C_0402_1005Metric,147.300000,-44.900000,0.000000,bottom
C25,22nF,C_0402_1005Metric,147.000000,-47.600000,0.000000,bottom
C26,22nF,C_0402_1005Metric,151.600000,-65.300000,180.000000,bottom
C27,22nF,C_0402_1005Metric,151.600000,-67.800000,180.000000,bottom
C28,100nF,C_0402_1005Metric,162.900000,-83.480000,90.000000,bottom
C29,100nF,C_0402_1005Metric,161.200000,-53.500000,0.000000,bottom
C30,100nF,C_0402_1005Metric,162.800000,-77.620000,270.000000,bottom
C31,100nF,C_0402_1005Metric,162.600000,-75.380000,270.000000,bottom
C32,100nF,C_0402_1005Metric,132.020000,-33.100000,180.000000,bottom
C33,100nF,C_0402_1005Metric,132.000000,-54.300000,180.000000,bottom
C34,100nF,C_0402_1005Metric,132.100000,-75.200000,180.000000,bottom
C35,100nF,C_0402_1005Metric,132.020000,-96.200000,180.000000,bottom
C36,22nF,C_0402_1005Metric,151.580000,-52.500000,180.000000,bottom
C37,22nF,C_0402_1005Metric,146.400000,-50.500000,0.000000,bottom
C38,22nF,C_0402_1005Metric,146.900000,-85.800000,0.000000,bottom
C39,22nF,C_0402_1005Metric,146.100000,-92.800000,0.000000,bottom
C40,100nF,C_0402_1005Metric,144.300000,-81.200000,270.000000,bottom
C41,100nF,C_0402_1005Metric,161.200000,-50.200000,0.000000,bottom
C42,100nF,C_0402_1005Metric,162.900000,-81.080000,90.000000,bottom
C43,100nF,C_0402_1005Metric,145.700000,-84.100000,0.000000,bottom
C44,22nF,C_0402_1005Metric,166.900000,-92.100000,180.000000,bottom
C45,22nF,C_0402_1005Metric,151.500000,-57.600000,180.000000,bottom
C46,22nF,C_0402_1005Metric,161.100000,-93.500000,90.000000,bottom
C47,22nF,C_0402_1005Metric,162.900000,-89.100000,270.000000,bottom
C48,100nF,C_0402_1005Metric,66.500000,-120.800000,180.000000,bottom
C49,100nF,C_0402_1005Metric,88.000000,-120.800000,180.000000,bottom
C50,100nF,C_0402_1005Metric,109.100000,-120.800000,180.000000,bottom
C51,100nF,C_0402_1005Metric,132.000000,-120.800000,180.000000,bottom
C52,22nF,C_0402_1005Metric,162.900000,-85.500000,270.000000,bottom
C53,22nF,C_0402_1005Metric,162.600000,-93.500000,90.000000,bottom
C54,22uF,C_1206_3216Metric,174.100000,-72.700000,270.000000,bottom
C55,100nF,C_0402_1005Metric,152.500000,-97.000000,90.000000,bottom
C57,1nF,C_0402_1005Metric,145.400000,-103.900000,180.000000,bottom
C58,100nF,C_0402_1005Metric,176.000000,-87.300000,270.000000,bottom
C59,10uF,C_0805_2012Metric,171.700000,-73.300000,270.000000,bottom
C60,100nF,C_0402_1005Metric,175.900000,-74.100000,270.000000,bottom
C61,10uF,C_0805_2012Metric,152.400000,-74.600000,0.000000,bottom
D1,D_TVS_12V,D_SMB,169.700000,-109.100000,0.000000,bottom
D2,SCHOTTKY,D_SMA,168.500000,-85.400000,270.000000,bottom
D3,D_TVS_DATA,D_SMB,139.800000,-108.300000,90.000000,bottom
D4,D_TVS_DATA,D_SMB,147.500000,-100.700000,0.000000,bottom
D5,D_TVS_DATA,D_SMB,148.800000,-112.400000,0.000000,bottom
D7,D_TVS_DATA,D_SMB,156.800000,-108.800000,270.000000,bottom
D8,D_TVS_5V,D_SMB,171.500000,-67.500000,180.000000,bottom
D9,D,D_SMA,168.400000,-77.500000,270.000000,bottom
L1,5.6uH,L_Taiyo-Yuden_NR-60xx,173.900000,-78.800000,270.000000,bottom
R1,10k,R_0603_1608Metric,138.400000,-48.900000,180.000000,bottom
R2,10k,R_0603_1608Metric,140.225000,-91.000000,180.000000,bottom
R3,10k,R_0603_1608Metric,137.000000,-41.200000,180.000000,bottom
R4,10k,R_0603_1608Metric,140.200000,-84.200000,180.000000,bottom
R5,11.5k,R_0603_1608Metric,176.400000,-84.500000,90.000000,bottom
R6,2.21k,R_0603_1608Metric,174.000000,-83.600000,0.000000,bottom
R7,120,R_0603_1608Metric,143.400000,-105.400000,270.000000,bottom
R9,33,R_0603_1608Metric,57.600000,-37.800000,270.000000,bottom
R10,33,R_0603_1608Metric,117.600000,-37.900000,270.000000,bottom
R11,33,R_0603_1608Metric,57.600000,-53.200000,90.000000,bottom
R12,33,R_0603_1608Metric,117.600000,-53.100000,90.000000,bottom
R13,33,R_0603_1608Metric,57.600000,-79.900000,270.000000,bottom
R14,33,R_0603_1608Metric,117.500000,-79.900000,270.000000,bottom
R15,33,R_0603_1608Metric,57.600000,-95.100000,90.000000,bottom
R16,33,R_0603_1608Metric,117.600000,-95.100000,90.000000,bottom
R17,33,R_0603_1608Metric,27.500000,-37.800000,270.000000,bottom
R18,33,R_0603_1608Metric,87.600000,-38.000000,270.000000,bottom
R19,33,R_0603_1608Metric,27.600000,-53.100000,90.000000,bottom
R20,33,R_0603_1608Metric,87.500000,-53.200000,90.000000,bottom
R21,33,R_0603_1608Metric,27.600000,-80.000000,270.000000,bottom
R22,33,R_0603_1608Metric,87.500000,-80.100000,270.000000,bottom
R23,33,R_0603_1608Metric,27.600000,-95.100000,90.000000,bottom
R24,33,R_0603_1608Metric,87.600000,-95.100000,90.000000,bottom
R25,10k,R_0603_1608Metric,172.600000,-50.900000,180.000000,bottom
R26,1k,R_0603_1608Metric,39.900000,-32.900000,180.000000,bottom
R27,1k,R_0603_1608Metric,39.000000,-53.100000,270.000000,bottom
R28,1k,R_0603_1608Metric,39.800000,-74.900000,180.000000,bottom
R29,1k,R_0603_1608Metric,39.800000,-96.000000,180.000000,bottom
R30,1k,R_0603_1608Metric,132.875000,-37.200000,180.000000,bottom
R31,1k,R_0603_1608Metric,132.800000,-58.300000,180.000000,bottom
R32,1k,R_0603_1608Metric,132.900000,-79.200000,180.000000,bottom
R33,1k,R_0603_1608Metric,132.900000,-100.000000,180.000000,bottom
R34,DNP,R_0603_1608Metric,132.900000,-38.900000,180.000000,bottom
R35,DNP,R_0603_1608Metric,132.800000,-60.000000,180.000000,bottom
R36,DNP,R_0603_1608Metric,132.900000,-81.100000,180.000000,bottom
R37,DNP,R_0603_1608Metric,133.000000,-101.800000,180.000000,bottom
R38,1k,R_0603_1608Metric,69.800000,-32.800000,180.000000,bottom
R39,1k,R_0603_1608Metric,69.000000,-53.100000,270.000000,bottom
R40,1k,R_0603_1608Metric,69.800000,-74.900000,180.000000,bottom
R41,1k,R_0603_1608Metric,69.800000,-96.000000,180.000000,bottom
R42,1k,R_0603_1608Metric,67.400000,-116.800000,180.000000,bottom
R43,1k,R_0603_1608Metric,88.800000,-116.800000,180.000000,bottom
R44,1k,R_0603_1608Metric,109.800000,-116.800000,180.000000,bottom
R45,1k,R_0603_1608Metric,132.800000,-116.800000,180.000000,bottom
R46,1k,R_0603_1608Metric,99.800000,-32.900000,180.000000,bottom
R47,1k,R_0603_1608Metric,99.000000,-53.200000,270.000000,bottom
R48,1k,R_0603_1608Metric,99.800000,-74.900000,180.000000,bottom
R49,1k,R_0603_1608Metric,99.800000,-100.000000,180.000000,bottom
R50,DNP,R_0603_1608Metric,67.400000,-115.000000,180.000000,bottom
R51,DNP,R_0603_1608Metric,88.800000,-115.000000,180.000000,bottom
R52,DNP,R_0603_1608Metric,109.800000,-115.000000,180.000000,bottom
R53,DNP,R_0603_1608Metric,132.800000,-115.000000,180.000000,bottom
R54,1k,R_0603_1608Metric,25.800000,-116.800000,180.000000,bottom
R55,1k,R_0603_1608Metric,44.800000,-116.800000,180.000000,bottom
U1,SN74ACT244PWR,TSSOP-20_4.4x6.5mm_P0.65mm,133.200000,-46.000000,0.000000,bottom
U2,SN74ACT244PWR,TSSOP-20_4.4x6.5mm_P0.65mm,134.900000,-88.200000,0.000000,bottom
U4,ISL83490,SOIC-8_3.9x4.9mm_P1.27mm,156.000000,-98.700000,180.000000,bottom
U5,AP3211,SOT-23-6,173.650000,-86.537500,270.000000,bottom
C5,470uF,CP_Radial_D10.0mm_P5.00mm,174.100000,-97.300000,180.000000,top
C56,470uF,CP_Radial_D10.0mm_P5.00mm,169.332323,-59.000000,0.000000,top
D6,LED,LED_0603_1608Metric,171.000000,-50.900000,180.000000,top
J1,Anderson,Anderson_1336G1_right_angle_bottom_two,169.276930,-105.025000,180.000000,top
J2,Conn_01x03,MiniPV_69167-X03XXX_1x03_P2.54mm_Polarized_Vertical,25.000000,-35.000000,90.000000,top
J3,Conn_01x03,MiniPV_69167-X03XXX_1x03_P2.54mm_Polarized_Vertical,25.000000,-56.000000,90.000000,top
J4,Conn_01x03,MiniPV_69167-X03XXX_1x03_P2.54mm_Polarized_Vertical,25.000000,-77.000000,90.000000,top
J5,Conn_01x03,MiniPV_69167-X03XXX_1x03_P2.54mm_Polarized_Vertical,25.000000,-98.000000,90.000000,top
J6,Conn_01x03,MiniPV_69167-X03XXX_1x03_P2.54mm_Polarized_Vertical,55.000000,-35.000000,90.000000,top
J7,Conn_01x03,MiniPV_69167-X03XXX_1x03_P2.54mm_Polarized_Vertical,55.000000,-56.000000,90.000000,top
J8,Conn_01x03,MiniPV_69167-X03XXX_1x03_P2.54mm_Polarized_Vertical,55.000000,-77.000000,90.000000,top
J9,Conn_01x03,MiniPV_69167-X03XXX_1x03_P2.54mm_Polarized_Vertical,55.000000,-98.000000,90.000000,top
J10,Conn_01x03,MiniPV_69167-X03XXX_1x03_P2.54mm_Polarized_Vertical,85.000000,-35.000000,90.000000,top
J11,Conn_01x03,MiniPV_69167-X03XXX_1x03_P2.54mm_Polarized_Vertical,85.000000,-56.000000,90.000000,top
J12,Conn_01x03,MiniPV_69167-X03XXX_1x03_P2.54mm_Polarized_Vertical,85.000000,-77.000000,90.000000,top
J13,Conn_01x03,MiniPV_69167-X03XXX_1x03_P2.54mm_Polarized_Vertical,85.000000,-98.000000,90.000000,top
J14,Conn_01x03,MiniPV_69167-X03XXX_1x03_P2.54mm_Polarized_Vertical,115.000000,-35.000000,90.000000,top
J15,Conn_01x03,MiniPV_69167-X03XXX_1x03_P2.54mm_Polarized_Vertical,115.000000,-56.000000,90.000000,top
J16,Conn_01x03,MiniPV_69167-X03XXX_1x03_P2.54mm_Polarized_Vertical,115.000000,-77.000000,90.000000,top
J17,Conn_01x03,MiniPV_69167-X03XXX_1x03_P2.54mm_Polarized_Vertical,115.000000,-98.000000,90.000000,top
J18,Conn_01x02,MiniPV_76384-X02XX_1x02_P2.54mm_Vertical,39.000000,-35.000000,90.000000,top
J19,Conn_01x02,MiniPV_76384-X02XX_1x02_P2.54mm_Vertical,39.000000,-56.000000,90.000000,top
J20,Conn_01x02,MiniPV_76384-X02XX_1x02_P2.54mm_Vertical,39.000000,-77.000000,90.000000,top
J21,Conn_01x02,MiniPV_76384-X02XX_1x02_P2.54mm_Vertical,39.000000,-98.000000,90.000000,top
J22,Conn_01x03,MiniPV_69167-X03XXX_1x03_P2.54mm_Polarized_Vertical,129.475000,-35.100000,90.000000,top
J23,Conn_01x03,MiniPV_69167-X03XXX_1x03_P2.54mm_Polarized_Vertical,129.475000,-56.100000,90.000000,top
J24,Conn_01x03,MiniPV_69167-X03XXX_1x03_P2.54mm_Polarized_Vertical,129.475000,-77.100000,90.000000,top
J25,Conn_01x03,MiniPV_69167-X03XXX_1x03_P2.54mm_Polarized_Vertical,129.475000,-98.000000,90.000000,top
J26,Conn_01x02,MiniPV_76384-X02XX_1x02_P2.54mm_Vertical,69.000000,-35.000000,90.000000,top
J27,Conn_01x02,MiniPV_76384-X02XX_1x02_P2.54mm_Vertical,69.000000,-56.000000,90.000000,top
J28,Conn_01x02,MiniPV_76384-X02XX_1x02_P2.54mm_Vertical,69.000000,-77.000000,90.000000,top
J29,Conn_01x02,MiniPV_76384-X02XX_1x02_P2.54mm_Vertical,69.000000,-98.000000,90.000000,top
J30,Conn_01x03,MiniPV_69167-X03XXX_1x03_P2.54mm_Polarized_Vertical,64.000000,-119.000000,90.000000,top
J31,Conn_01x03,MiniPV_69167-X03XXX_1x03_P2.54mm_Polarized_Vertical,85.475000,-119.000000,90.000000,top
J32,Conn_01x03,MiniPV_69167-X03XXX_1x03_P2.54mm_Polarized_Vertical,106.475000,-119.000000,90.000000,top
J33,Conn_01x03,MiniPV_69167-X03XXX_1x03_P2.54mm_Polarized_Vertical,129.475000,-119.000000,90.000000,top
J34,Conn_01x02,MiniPV_76384-X02XX_1x02_P2.54mm_Vertical,99.000000,-35.000000,90.000000,top
J35,Conn_01x02,MiniPV_76384-X02XX_1x02_P2.54mm_Vertical,99.000000,-56.000000,90.000000,top
J36,Conn_01x02,MiniPV_76384-X02XX_1x02_P2.54mm_Vertical,99.000000,-77.000000,90.000000,top
J37,Conn_01x02,MiniPV_76384-X02XX_1x02_P2.54mm_Vertical,99.000000,-98.000000,90.000000,top
J38,Conn_01x02,MiniPV_76384-X02XX_1x02_P2.54mm_Vertical,25.130000,-119.000000,90.000000,top
J39,Conn_01x02,MiniPV_76384-X02XX_1x02_P2.54mm_Vertical,43.998849,-119.000000,90.000000,top
J40,RJ45,RJ45_Amphenol_54602-x08_Horizontal,144.317500,-108.300000,0.000000,top
U3,Teensy4.1,Teensy41_stripped,157.000000,-66.497969,-90.000000,top
